Stage,Day,Start,Finish,Artist,Artist.1,Artist.2,Artist.3,Artist.4,Artist.5,Artist.6
Pyramid,Friday,22:15,23:45,Billie Eilish,,,,,,
Pyramid,Friday,20:15,21:15,Sam Fender,,,,,,
Pyramid,Friday,18:15,19:30,Robert Plant & Alison Krauss,Robert Plant,Alison Krauss,,,,
Pyramid,Friday,16:45,17:45,Wolf Alice,,,,,,
Pyramid,Friday,15:15,16:15,Crowded House,,,,,,
Pyramid,Friday,13:45,14:45,Rufus Wainwright,,,,,,
Pyramid,Friday,12:15,13:15,Ziggy Marley,,,,,,
Pyramid,Saturday,21:30,23:45,Paul McCartney,,,,,,
Pyramid,Saturday,19:15,20:30,Noel Gallagher's High Flying Birds,,,,,,
Pyramid,Saturday,17:30,18:30,HAIM,,,,,,
Pyramid,Saturday,16:00,16:45,AJ Tracey,,,,,,
Pyramid,Saturday,14:30,15:30,Easy Life,,,,,,
Pyramid,Saturday,13:15,14:00,Joy Crookes,,,,,,
Pyramid,Saturday,12:00,12:45,Les Amazons D'Afrique,,,,,,
Pyramid,Sunday,21:45,23:15,Kendrick Lamar,,,,,,
Pyramid,Sunday,19:30,20:45,Lorde,,,,,,
Pyramid,Sunday,17:45,18:45,Elbow,,,,,,
Pyramid,Sunday,16:00,17:15,Diana Ross,,,,,,
Pyramid,Sunday,14:00,15:00,Herbie Hancock,,,,,,
Pyramid,Sunday,12:45,13:30,Dakhabrakha,,,,,,
Pyramid,Sunday,11:30,12:15,Black Dyke Band,,,,,,
Other Stage,Friday,22:30,23:45,Foals,,,,,,
Other Stage,Friday,20:30,21:30,St. Vincent,,,,,,
Other Stage,Friday,18:45,19:45,IDLES,,,,,,
Other Stage,Friday,17:15,18:15,Supergrass,,,,,,
Other Stage,Friday,15:45,16:45,First Aid Kit,,,,,,
Other Stage,Friday,14:15,15:15,Blossoms,,,,,,
Other Stage,Friday,13:00,13:45,Kae Tempest,,,,,,
Other Stage,Friday,11:30,12:30,The Libertines,,,,,,
Other Stage,Saturday,22:30,23:45,Megan Thee Stallion,,,,,,
Other Stage,Saturday,20:30,21:30,Burna Boy,,,,,,
Other Stage,Saturday,18:45,19:45,Olivia Rodrigo,,,,,,
Other Stage,Saturday,17:15,18:15,Glass Animals,,,,,,
Other Stage,Saturday,15:45,16:45,Metronomy,,,,,,
Other Stage,Saturday,14:15,15:15,Skunk Anansie,,,,,,
Other Stage,Saturday,13:00,13:45,Tems,,,,,,
Other Stage,Saturday,11:45,12:30,Hak Baker,,,,,,
Other Stage,Sunday,21:45,23:15,Pet Shop Boys,,,,,,
Other Stage,Sunday,19:45,20:45,Years & Years,,,,,,
Other Stage,Sunday,18:00,19:00,Kacey Musgraves,,,,,,
Other Stage,Sunday,16:30,17:30,Fontaines DC,,,,,,
Other Stage,Sunday,15:00,16:00,Declan McKenna,,,,,,
Other Stage,Sunday,13:30,14:30,Lianne La Havas,,,,,,
Other Stage,Sunday,12:15,13:00,Sea Girls,,,,,,
Other Stage,Sunday,11:00,11:45,Kojey Radical,,,,,,
West Holts Stage,Friday,22:15,23:45,Little Simz,,,,,,
West Holts Stage,Friday,20:30,21:30,Bonobo,,,,,,
West Holts Stage,Friday,19:00,20:00,Sea Kuti & Egypt 80,Sea Kuti,Egypt 80,,,,
West Holts Stage,Friday,17:30,18:30,TLC,,,,,,
West Holts Stage,Friday,16:00,17:00,Sleaford Mods,,,,,,
West Holts Stage,Friday,14:30,15:30,Greentea Peng,,,,,,
West Holts Stage,Friday,13:00,14:00,Arooj Aftab,,,,,,
West Holts Stage,Friday,11:30,12:30,Nubiyan Twist,,,,,,
West Holts Stage,Saturday,22:15,23:45,Roisin Murphy,,,,,,
West Holts Stage,Saturday,20:30,21:30,Caribou,,,,,,
West Holts Stage,Saturday,19:00,20:00,Leon Bridges,,,,,,
West Holts Stage,Saturday,17:30,18:30,Celeste,,,,,,
West Holts Stage,Saturday,16:15,17:00,Yves Tumor,,,,,,
West Holts Stage,Saturday,14:45,15:45,Black MIDI,,,,,,
West Holts Stage,Saturday,13:15,14:15,Brass Against,,,,,,
West Holts Stage,Saturday,11:30,12:30,Kikagaku Moyo,,,,,,
West Holts Stage,Sunday,21:45,23:15,Bicep,,,,,,
West Holts Stage,Sunday,20:00,21:00,Angelique Kidjo,,,,,,
West Holts Stage,Sunday,18:30,19:30,Koffee,,,,,,
West Holts Stage,Sunday,17:00,18:00,Snarky Puppy,,,,,,
West Holts Stage,Sunday,15:30,16:30,Nubya Garcia,,,,,,
West Holts Stage,Sunday,14:00,15:00,Nightmares On Wax,,,,,,
West Holts Stage,Sunday,12:30,13:30,Emma-Jean Thackray,,,,,,
West Holts Stage,Sunday,11:00,12:00,Ishmael Ensemble,,,,,,
John Peel Stage,Friday,22:30,23:45,Primal Scream,,,,,,
John Peel Stage,Friday,21:00,22:00,The Jesus and Mary Chain,,,,,,
John Peel Stage,Friday,19:30,20:30,Phoebe Bridgers,,,,,,
John Peel Stage,Friday,18:00,19:00,Sigrid,,,,,,
John Peel Stage,Friday,16:30,17:30,Girl in Red,,,,,,
John Peel Stage,Friday,15:15,16:00,Inhaler,,,,,,
John Peel Stage,Friday,14:00,14:45,Griff,,,,,,
John Peel Stage,Friday,12:45,13:30,Bad Boy Chiller Crew,,,,,,
John Peel Stage,Friday,11:30,12:15,English Teacher,,,,,,
John Peel Stage,Saturday,22:30,23:45,Jamie T,,,,,,
John Peel Stage,Saturday,21:00,22:00,Yungblud,,,,,,
John Peel Stage,Saturday,19:30,20:30,Ghetts,,,,,,
John Peel Stage,Saturday,18:00,19:00,Pa Selieu,,,,,,
John Peel Stage,Saturday,16:30,17:30,Beabadoobee,,,,,,
John Peel Stage,Saturday,15:15,16:00,Self Esteem,,,,,,
John Peel Stage,Saturday,14:00,14:45,Holly Humberstone,,,,,,
John Peel Stage,Saturday,12:45,13:30,Enny,,,,,,
John Peel Stage,Saturday,11:30,12:15,GO_A,,,,,,
John Peel Stage,Sunday,21:30,22:45,Charlie XCX,,,,,,
John Peel Stage,Sunday,20:00,21:00,Little Dragon,,,,,,
John Peel Stage,Sunday,18:30,19:30,Turnstile,,,,,,
John Peel Stage,Sunday,17:00,18:00,Amyl and the Sniffers,,,,,,
John Peel Stage,Sunday,15:30,16:30,Clairo,,,,,,
John Peel Stage,Sunday,14:00,15:00,TBC,,,,,,
John Peel Stage,Sunday,12:30,13:30,Sports Team,,,,,,
John Peel Stage,Sunday,11:15,12:00,Just Mustard,,,,,,
The Park Stage,Friday,23:00,00:15,Four Tet,,,,,,
The Park Stage,Friday,21:15,22:15,Khruangbin,,,,,,
The Park Stage,Friday,19:45,20:45,Saint Etienne,,,,,,
The Park Stage,Friday,18:15,19:15,Arlo Parks,,,,,,
The Park Stage,Friday,16:45,17:45,Dry cleaning,,,,,,
The Park Stage,Friday,15:15,16:15,Confidence Man,,,,,,
The Park Stage,Friday,14:00,14:45,Wetleg,,,,,,
The Park Stage,Friday,12:45,13:30,Orlando Weeks,,,,,,
The Park Stage,Friday,11:30,12:10,Matilda Mann,,,,,,
The Park Stage,Saturday,23:00,00:15,Jessie Ware,,,,,,
The Park Stage,Saturday,21:15,22:15,Mitski,,,,,,
The Park Stage,Saturday,19:45,20:45,The Avalanches,,,,,,
The Park Stage,Saturday,18:15,19:15,Big Thief,,,,,,
The Park Stage,Saturday,16:45,17:45,Squid,,,,,,
The Park Stage,Saturday,15:15,16:15,Sampa the Great,,,,,,
The Park Stage,Saturday,14:00,14:45,Gabriels,,,,,,
The Park Stage,Saturday,12:45,13:30,Katy J Pearson,,,,,,
The Park Stage,Sunday,11:30,12:10,Yasmin Williams,,,,,,
The Park Stage,Sunday,21:15,22:30,Courtney Barnett,,,,,,
The Park Stage,Sunday,19:45,20:45,Jarv Is,,,,,,
The Park Stage,Sunday,18:15,19:15,TBC,,,,,,
The Park Stage,Sunday,16:30,17:30,Caroline Polachek,,,,,,
The Park Stage,Sunday,15:15,16:00,Cate Le Bon,,,,,,
The Park Stage,Sunday,14:00,14:45,Warmduscher,,,,,,
The Park Stage,Sunday,12:45,13:30,Big Joanie,,,,,,
The Park Stage,Sunday,11:30,12:15,Deep Throat Choir,,,,,,
Acoustic Stage,Friday,21:30,23:00,Paul Heaton & Jacqui Abbott,Paul Heaton,Jacqui Abbott,,,,
Acoustic Stage,Friday,20:00,21:00,The Undertones,,,,,,
Acoustic Stage,Friday,18:30,19:30,Hothouse Flowers,,,,,,
Acoustic Stage,Friday,17:25,18:10,Brian Kennedy,,,,,,
Acoustic Stage,Friday,16:25,17:05,Mary Coughlan,,,,,,
Acoustic Stage,Friday,15:30,16:10,The Mariachis,,,,,,
Acoustic Stage,Friday,14:30,15:10,Irish Mythen,,,,,,
Acoustic Stage,Friday,13:40,14:20,Pavey Ark,,,,,,
Acoustic Stage,Friday,12:45,13:25,Roseanna Reid,,,,,,
Acoustic Stage,Friday,12:00,12:30,Novelty Island,,,,,,
Acoustic Stage,Saturday,21:30,23:00,The Waterboys,,,,,,
Acoustic Stage,Saturday,20:00,21:00,Richard Thompson,,,,,,
Acoustic Stage,Saturday,18:30,19:30,Scouting For Girls,,,,,,
Acoustic Stage,Saturday,17:30,18:15,Tony Christie,,,,,,
Acoustic Stage,Saturday,16:30,17:15,Chris Difford,,,,,,
Acoustic Stage,Saturday,15:30,16:15,Grainne Duffy,,,,,,
Acoustic Stage,Saturday,14:30,15:10,Laura Veirs,,,,,,
Acoustic Stage,Saturday,13:40,14:20,Katherine Priddy,,,,,,
Acoustic Stage,Saturday,12:45,13:25,49th & Main,,,,,,
Acoustic Stage,Saturday,12:00,12:30,Tom Webber Best Demo of the Year,,,,,,
Acoustic Stage,Sunday,21:30,23:00,Suzanne Vega,,,,,,
Acoustic Stage,Sunday,20:00,21:00,The Shires,,,,,,
Acoustic Stage,Sunday,18:30,19:30,The Bootleg Beatles,,,,,,
Acoustic Stage,Sunday,17:30,18:15,Fisherman's Friends,,,,,,
Acoustic Stage,Sunday,16:30,17:15,Terry Reid,,,,,,
Acoustic Stage,Sunday,15:30,16:15,Damien Dempsey,,,,,,
Acoustic Stage,Sunday,14:30,15:10,Errol Linton,,,,,,
Acoustic Stage,Sunday,13:40,14:20,Chloe Foy,,,,,,
Acoustic Stage,Sunday,12:45,13:25,Lewis McLaughlin Emerging Talent Competition Winner,,,,,,
Acoustic Stage,Sunday,12:00,12:30,Megan McKenna,,,,,,
Avalon Stage,Friday,23:05,00:20,The Damned,,,,,,
Avalon Stage,Friday,21:35,22:35,Sugababes,,,,,,
Avalon Stage,Friday,20:05,21:05,Nick Mulvey,,,,,,
Avalon Stage,Friday,18:35,19:35,Oh My God! It's The Church,,,,,,
Avalon Stage,Friday,17:05,18:05,Tanita Tikaram,,,,,,
Avalon Stage,Friday,15:40,16:35,The War & Treaty,,,,,,
Avalon Stage,Friday,14:15,15:10,Baskery,,,,,,
Avalon Stage,Friday,13:00,13:50,Hobo Jones & The Junkyard Dogs,,,,,,
Avalon Stage,Friday,23:05,00:15,The Hoosiers,,,,,,
Avalon Stage,Friday,21:35,22:35,Lamb,,,,,,
Avalon Stage,Friday,20:05,21:05,Ward Thomas,,,,,,
Avalon Stage,Friday,18:25,19:40,Dr. John Cooper Clarke,,,,,,
Avalon Stage,Friday,17:05,18:05,Tom Robinson Band,,,,,,
Avalon Stage,Friday,15:35,16:35,Molotov Jukebox,,,,,,
Avalon Stage,Friday,14:05,15:05,Grace Petrie,,,,,,
Avalon Stage,Friday,12:40,13:35,The Longest Johns,,,,,,
Avalon Stage,Friday,11:30,12:10,Nia Wyn,,,,,,
Avalon Stage,Friday,22:50,23:50,The Dualers,,,,,,
Avalon Stage,Friday,21:20,22:20,Imelda May,,,,,,
Avalon Stage,Friday,19:50,20:50,Orla Gartland,,,,,,
Avalon Stage,Friday,18:20,19:20,McFly,,,,,,
Avalon Stage,Friday,16:50,17:50,Kate Rusby,,,,,,
Avalon Stage,Friday,15:20,16:20,P.P. Arnold,,,,,,
Avalon Stage,Friday,13:55,14:50,Peat & Diesel,,,,,,
Avalon Stage,Friday,12:35,13:30,Ferris & Sylvester,,,,,,
Avalon Stage,Friday,11:30,12:10,Citizens of the world choir,,,,,,
Left Field,Friday,21:00,22:00,Billy Bragg,,,,,,
Left Field,Friday,19:30,20:30,Jamie Webster,,,,,,
Left Field,Friday,18:15,19:00,Dylan John Thomas,,,,,,
Left Field,Friday,17:00,17:45,Brooke Combe,,,,,,
Left Field,Friday,15:00,16:30,"RADICAL ROUND UP WITH BILLY BRAGG - WILL VARLEY, LADY NADE, KELLEY SWINDALL",Billy Bragg,Will Varley,Lady Nade,Kelley Swindall,,
Left Field,Saturday,21:00,22:00,Yard Act,,,,,,
Left Field,Saturday,19:30,20:30,Billy Nomates,,,,,,
Left Field,Saturday,18:10,19:10,Kam-Bu,,,,,,
Left Field,Saturday,17:00,17:45,Asylums,,,,,,
Left Field,Saturday,15:00,16:30,"RADICAL ROUND UP WITH BILLY BRAGG - SEB LOWE, TOM A. SMITH, JESS SILK",Billy Bragg,Seb Lowe,Tom A. Smith,Jess Silk,,
Left Field,Sunday,21:00,22:00,Yola,,,,,,
Left Field,Sunday,19:15,20:15,The Regrettes,,,,,,
Left Field,Sunday,18:00,18:45,The Magic Numbers,,,,,,
Left Field,Sunday,17:00,17:30,Las Adelitas,,,,,,
Arcadia,Friday,02:00,03:00,Carl Cox B2B Chase And Status,Chase & Status,Carl Cox,,,,
Arcadia,Friday,01:00,02:00,Nina Kraviz,,,,,,
Arcadia,Friday,23:00,01:00,TBC,,,,,,
Arcadia,Friday,22:00,23:00,Jon Hopkins,,,,,,
Arcadia,Friday,21:30,22:00,Ishmael Ensemble,,,,,,
Arcadia,Saturday,02:00,03:00,Camelphat B2B Patrick Topping,Camelphat,Patrick Topping,,,,
Arcadia,Saturday,01:00,02:00,Calvin Harris,,,,,,
Arcadia,Saturday,00:00,01:00,Four Tet,,,,,,
Arcadia,Saturday,23:00,00:00,Kurupt FM,,,,,,
Arcadia,Saturday,22:00,23:00,DJ EZ,,,,,,
Arcadia,Saturday,21:30,22:00,Nia Archives,,,,,,
Arcadia,Sunday,01:30,02:30,Hospitality Showcase: S.P.Y B2B Grafix B2B Unglued Feat Carasel MC & Solah,S.P.Y,Grafix,Unglued,Carasel,SOLAH,
Arcadia,Sunday,00:30,01:30,Sub Focus B2B Dimension Feat ID,Sub Focus,Dimension,,,,
Arcadia,Sunday,23:30,00:30,Daniel Avery B2B VTSS,Daniel Avery,VTSS,,,,
Arcadia,Sunday,22:30,23:30,Afrodeutsche,,,,,,
Arcadia,Sunday,21:30,22:30,TSHA,,,,,,
Sonic,Friday,23:00,00:30,Patrick Topping B2B Eats Everything,Patrick Topping,Eats Everything,,,,
Sonic,Friday,21:00,23:00,Fatboy Slim,,,,,,
Sonic,Friday,19:30,21:00,Anz,,,,,,
Sonic,Friday,18:00,19:30,Denis Sulta,,,,,,
Sonic,Friday,16:30,18:00,TSHA,,,,,,
Sonic,Friday,15:00,16:30,Jaguar,,,,,,
Sonic,Friday,14:00,15:00,Éclair Fifi,,,,,,
Sonic,Friday,13:00,14:00,Sarah Story,,,,,,
Sonic,Friday,12:00,13:00,Daisy Moon,,,,,,
Sonic,Saturday,23:30,00:30,Overmono,,,,,,
Sonic,Saturday,22:00,23:00,HAAI,,,,,,
Sonic,Saturday,21:00,22:00,Romy,,,,,,
Sonic,Saturday,20:00,21:00,Ross From Friends,,,,,,
Sonic,Saturday,18:15,19:45,Logic1000,,,,,,
Sonic,Saturday,16:45,18:45,ELKKA,,,,,,
Sonic,Saturday,15:30,16:30,Sofia Kourtesis,,,,,,
Sonic,Saturday,13:30,15:00,Kiara Scuro,,,,,,
Sonic,Saturday,12:00,13:30,Warehouse Preservation Society,,,,,,
Sonic,Sunday,23:00,00:00,SASASAS,,,,,,
Sonic,Sunday,22:00,23:00,Hybrid Minds,Hybrid Minds,Tempza,Charlotte Haning,,,
Sonic,Sunday,20:00,22:00,"Critical - Kasra, Enei, Halogenix W/ Jakes and Charli Brix",Kasra,Enei,Halogenix,Jakes,Charli Brix,
Sonic,Sunday,19:00,20:00,Problem Central,,,,,,
Sonic,Sunday,17:00,19:00,"Hosptial - Metrik, Lens, Whiney, Degs and Dynamite",Metrik,Lens,Whiney,Degs,Dynamite,
Sonic,Sunday,16:00,17:00,A.M.C,,,,,,
Sonic,Sunday,15:00,16:00,Koven,,,,,,
Sonic,Sunday,13:00,15:00,Run In The Jungle,D*Minds,Dazee,Euphonique,Critical Impact,Trigga,
Sonic,Sunday,12:00,13:00,Natty Lou B2B AMA,Natty Lou,AMA,,,,
Wow,Thursday,01:00,03:00,Batu,,,,,,
Wow,Thursday,23:30,01:00,Danielle B2B Hodge,Danielle,Hodge,,,,
Wow,Thursday,22:30,23:00,Giant Swan,,,,,,
Wow,Thursday,21:00,22:30,India Jordan,,,,,,
Wow,Thursday,19:30,21:00,Fantastic Man,,,,,,
Wow,Thursday,18:00,19:30,Ellie Stokes B2B Chez De Milo,Ellie Stokes,Chez De Milo,,,,
Wow,Friday,01:30,03:00,Craig Richards,,,,,,
Wow,Friday,00:00,01:30,Unai Trotti,,,,,,
Wow,Friday,22:30,00:00,Call Super B2B Parris,Call Super,Parris,,,,
Wow,Friday,21:00,22:30,TBC,,,,,,
Wow,Friday,19:30,21:00,Manami B2B Niks,Manami,Niks,,,,
Wow,Friday,18:00,19:30,Dr Banana B2B Lukas Wigflex,Dr Banana,Lukas Wigflex,,,,
Wow,Friday,12:00,18:00,Butter Side Up,,,,,,
Wow,Saturday,01:30,03:00,Avalon Emerson,,,,,,
Wow,Saturday,23:30,01:00,,,,,,,
Wow,Saturday,22:00,23:30,,,,,,,
Wow,Saturday,20:30,22:00,Scott Fraser,,,,,,
Wow,Saturday,19:00,20:30,Palms Trax B2B Job Jobse,Palms Trax,Job Jobse,,,,
Wow,Saturday,15:30,19:00,Moxie B2B Peach,Moxie,Peach,,,,
Wow,Saturday,12:00,15:30,Shanti Celeste B2B Saoirse,Shanti Celeste,Saoirse,,,,
Wow,Sunday,01:30,02:30,TBC,,,,,,
Wow,Sunday,00:00,01:30,Darwin,,,,,,
Wow,Sunday,22:30,00:00,RE:NI,,,,,,
Wow,Sunday,21:00,22:30,Two Shell,,,,,,
Wow,Sunday,19:30,21:00,Dar Disku,,,,,,
Wow,Sunday,18:00,19:30,Leon Vynehall,,,,,,
Wow,Sunday,16:30,18:00,,,,,,,
Wow,Sunday,15:00,16:30,Chaos In The CBD,,,,,,
Wow,Sunday,13:30,15:00,Secretsundaze,,,,,,
Wow,Sunday,12:00,13:30,Shy One,,,,,,
Lonely Hearts Club,Thursday,01:00,03:00,Chippy Nonstop B2B Pxssy Palace,Chippy Nonstop,Pxssy Palace,,,,
Lonely Hearts Club,Thursday,23:15,01:00,Yung Singh B2B AHAADREAM,Yung Singh,AHADADREAM,,,,
Lonely Hearts Club,Thursday,21:45,23:15,Manara,,,,,,
Lonely Hearts Club,Thursday,21:15,21:45,Piri and Tommy,piri,Tommy Villiers,,,,
Lonely Hearts Club,Thursday,20:00,21:00,Nia Archives B2B IZCO,Nia Archives,IZCO,,,,
Lonely Hearts Club,Thursday,18:30,20:00,Sherelle,,,,,,
Lonely Hearts Club,Thursday,18:00,18:30,Grove,,,,,,
Lonely Hearts Club,Friday,00:30,03:00,Girls Don't Sync,,,,,,
Lonely Hearts Club,Friday,23:30,00:30,Wilkinson,,,,,,
Lonely Hearts Club,Friday,22:30,23:30,Harriet Jaxxon,,,,,,
Lonely Hearts Club,Friday,21:30,22:30,Shy FX,,,,,,
Lonely Hearts Club,Friday,20:40,21:30,Chloe Sage,,,,,,
Lonely Hearts Club,Friday,20:00,20:40,Frankie Stew & Harvey Gunn,,,,,,
Lonely Hearts Club,Friday,18:40,19:40,Kojey Radical,,,,,,
Lonely Hearts Club,Friday,17:30,18:10,Potter Payper,,,,,,
Lonely Hearts Club,Friday,16:30,17:10,Miraa May,,,,,,
Lonely Hearts Club,Friday,15:45,16:15,BR3NYA,,,,,,
Lonely Hearts Club,Friday,15:00,15:30,SHASIMONE,,,,,,
Lonely Hearts Club,Friday,14:15,14:45,Crae Wolf,,,,,,
Lonely Hearts Club,Friday,13:30,14:00,Emz,,,,,,
Lonely Hearts Club,Friday,13:00,13:30,Kenny Allstar,,,,,,
Lonely Hearts Club,Saturday,00:30,03:00,Artwork,,,,,,
Lonely Hearts Club,Saturday,23:15,00:15,Mura Masa,,,,,,
Lonely Hearts Club,Saturday,22:00,22:45,Sad Night Dynamite,,,,,,
Lonely Hearts Club,Saturday,20:45,21:30,Bad Boy Chiller Crew,,,,,,
Lonely Hearts Club,Saturday,19:45,20:30,Arrdee,,,,,,
Lonely Hearts Club,Saturday,18:50,19:30,Hope Tala,,,,,,
Lonely Hearts Club,Saturday,17:40,18:20,Berwyn,,,,,,
Lonely Hearts Club,Saturday,16:30,17:10,Lava La Rue,,,,,,
Lonely Hearts Club,Saturday,15:30,16:00,Lola Young,,,,,,
Lonely Hearts Club,Saturday,14:30,15:00,Willow Kayne,,,,,,
Lonely Hearts Club,Saturday,13:00,14:30,Tiffany Calver & Friends,,,,,,
Lonely Hearts Club,Saturday,12:45,13:00,Alamay & Omar Cassius,,,,,,
Lonely Hearts Club,Saturday,12:30,12:45,XYZELLE,,,,,,
Lonely Hearts Club,Saturday,12:15,12:30,Wishmaster,,,,,,
Lonely Hearts Club,Saturday,12:00,12:15,Badliana,,,,,,
Lonely Hearts Club,Sunday,01:15,02:30,Sonny Fodera,,,,,,
Lonely Hearts Club,Sunday,00:00,01:15,Gorgon City,,,,,,
Lonely Hearts Club,Sunday,23:00,00:00,Groove Armada,,,,,,
Lonely Hearts Club,Sunday,21:00,23:00,Crazy P,,,,,,
Lonely Hearts Club,Sunday,20:00,21:00,Riz Ahmed,,,,,,
Lonely Hearts Club,Sunday,18:45,19:30,Gabriels,,,,,,
Lonely Hearts Club,Sunday,17:15,18:15,Laid Blak,,,,,,
Lonely Hearts Club,Sunday,16:00,16:45,Charlotte Adigery B2B Bolis Populi,Charlotte Adigery,Bolis Populi,,,,
Lonely Hearts Club,Sunday,14:45,15:30,Moonchild Sanelly,,,,,,
Lonely Hearts Club,Sunday,14:00,14:30,R.A.E,,,,,,
Lonely Hearts Club,Sunday,13:00,13:30,Amahla,,,,,,
Firmly Rooted,Thursday,23:00,00:00,Jamz Supernova,,,,,,
Firmly Rooted,Thursday,22:00,23:00,Sam Interface,,,,,,
Firmly Rooted,Thursday,21:00,22:00,P-RALLEL,,,,,,
Firmly Rooted,Thursday,20:00,21:00,Conducta,,,,,,
Firmly Rooted,Thursday,19:00,20:00,Lil C,,,,,,
Firmly Rooted,Thursday,18:00,19:00,Adeevah,,,,,,
Firmly Rooted,Friday,23:00,00:00,LTJ Bukem,,,,,,
Firmly Rooted,Friday,21:00,23:00,Watch The Ride,,,,,,
Firmly Rooted,Friday,20:00,21:00,Storm,,,,,,
Firmly Rooted,Friday,19:00,20:00,DJ Flight,,,,,,
Firmly Rooted,Friday,18:00,19:00,Kyrist,,,,,,
Firmly Rooted,Friday,16:00,18:00,Channel One,,,,,,
Firmly Rooted,Friday,15:00,16:00,Dubkasm,,,,,,
Firmly Rooted,Friday,13:00,15:00,Bliss Zion & Sasha Steppa,,,,,,
Firmly Rooted,Friday,12:00,13:00,Supplya,,,,,,
Firmly Rooted,Saturday,22:30,00:00,Clipz,,,,,,
Firmly Rooted,Saturday,21:00,22:30,Krust,,,,,,
Firmly Rooted,Saturday,19:30,21:00,Tasha,,,,,,
Firmly Rooted,Saturday,18:00,19:30,LCY,,,,,,
Firmly Rooted,Saturday,16:00,18:00,Facta B2B K-Lone,Facta,K-Lone,,,,
Firmly Rooted,Saturday,15:00,16:00,Yushh,,,,,,
Firmly Rooted,Saturday,13:30,15:00,Anina,,,,,,
Firmly Rooted,Saturday,12:00,13:30,Iglew,,,,,,
Firmly Rooted,Sunday,23:00,00:00,V.I.V.E.K,,,,,,
Firmly Rooted,Sunday,22:00,23:00,Hijinx,,,,,,
Firmly Rooted,Sunday,21:00,22:00,Sicaria Sound,,,,,,
Firmly Rooted,Sunday,20:00,21:00,Pinch,,,,,,
Firmly Rooted,Sunday,19:00,20:00,Think Tonk,,,,,,
Firmly Rooted,Sunday,18:00,19:00,Hold Tight,,,,,,
Firmly Rooted,Sunday,12:00,18:00,Luke Una,,,,,,
Stonebridge Bar,Thursday,01:30,03:00,Eats Everything B2B Pink Panther,Eats Everything,Fona Pudding,Pink Panther,,,
Stonebridge Bar,Thursday,00:00,01:30,Skream,,,,,,
Stonebridge Bar,Thursday,22:30,00:00,HAAI,,,,,,
Stonebridge Bar,Thursday,21:30,22:30,Randall,,,,,,
Stonebridge Bar,Thursday,20:30,21:30,Ewan McVicar,,,,,,
Stonebridge Bar,Thursday,19:00,20:30,DJ Fat Tony,,,,,,
Stonebridge Bar,Thursday,17:30,19:00,Greg Wilson,,,,,,
Stonebridge Bar,Thursday,16:30,17:30,Arielle Free,,,,,,
Stonebridge Bar,Thursday,15:00,16:30,Baggy Mondays,,,,,,
Stonebridge Bar,Thursday,14:00,15:00,Girls Don't Sync,,,,,,
Stonebridge Bar,Thursday,13:00,14:00,Eats Everything,,,,,,
Stonebridge Bar,Friday,23:00,05:00,Annie Mac,,,,,,
Stonebridge Bar,Friday,21:30,23:00,Kampire,,,,,,
Stonebridge Bar,Friday,20:00,21:30,AHADADREAM,,,,,,
Stonebridge Bar,Friday,18:30,20:00,Coco Em,,,,,,
Stonebridge Bar,Friday,17:00,18:30,Boko! Boko!,,,,,,
Stonebridge Bar,Friday,14:30,17:00,Sports Banger,Harriman,Jay Carder,Klose One,Tasha,,
Stonebridge Bar,Friday,13:00,14:30,Carl (The Social),,,,,,
Stonebridge Bar,Saturday,23:00,05:00,Special Request Presents,Special Request,Anz,Éclair Fifi,Kettama,,
Stonebridge Bar,Saturday,19:30,23:00,Pretty Weird,Floating Points,Or:La,Chloe Robinson,DJ ADHD,,
Stonebridge Bar,Saturday,18:00,19:30,Dan Shake,,,,,,
Stonebridge Bar,Saturday,16:00,18:00,2 Bears B2B Raw Silk,2 Bears,Raw Silk,,,,
Stonebridge Bar,Saturday,13:00,16:00,Luke Una,,,,,,
Stonebridge Bar,Saturday,11:00,13:00,Four Tet,,,,,,
Stonebridge Bar,Sunday,00:00,04:00,Tim Reaper Presents,Tim Reaper,Dwarde,Mantra,,,
Stonebridge Bar,Sunday,23:00,00:00,Krust B2B DJ Die,Krust,DJ Die,,,,
Stonebridge Bar,Sunday,22:00,23:00,Inja,,,,,,
Stonebridge Bar,Sunday,21:00,22:00,LCY,,,,,,
Stonebridge Bar,Sunday,19:00,21:00,Mella Dee,,,,,,
Stonebridge Bar,Sunday,17:00,19:00,Daju w/ Helena Staar B2B Niks,Daju,Helena Star,Niks,,,
Stonebridge Bar,Sunday,15:30,17:00,Flying Mojito Bros,,,,,,
Stonebridge Bar,Sunday,14:00,15:30,Fleetmac Wood,,,,,,
Stonebridge Bar,Sunday,13:00,14:00,,,,,,,
The Rabbit Hole,Thursday,02:00,03:00,Mr Bruce,,,,,,
Rabbit Hole's Funkingham Palace,Thursday,01:30,03:00,Nick Warren,,,,,,
Rabbit Hole's Funkingham Palace,Thursday,00:00,01:30,Four Tet,,,,,,
Rabbit Hole's Funkingham Palace,Thursday,22:30,00:00,Greg Wilson,,,,,,
Rabbit Hole's Funkingham Palace,Thursday,21:00,22:30,Purple Rave with Rob Da Bank & Tayo,Rob Da Bank,Tayo,,,,
Rabbit Hole's Funkingham Palace,Friday,03:00,04:00,Artwork,,,,,,
Rabbit Hole's Funkingham Palace,Friday,02:00,03:00,Algy Strutt,,,,,,
Rabbit Hole's Funkingham Palace,Friday,01:00,02:00,,,,,,,
Rabbit Hole's Funkingham Palace,Friday,00:00,01:00,Crazy P,,,,,,
Rabbit Hole's Funkingham Palace,Friday,22:30,00:00,,,,,,,
Rabbit Hole's Funkingham Palace,Friday,21:00,22:30,,,,,,,
Rabbit Hole's Funkingham Palace,Saturday,03:00,04:00,Rocky Racoons,,,,,,
Rabbit Hole's Funkingham Palace,Saturday,22:00,,,,,,,,
Rabbit Hole's Funkingham Palace,Saturday,01:00,,,,,,,,
Rabbit Hole's Funkingham Palace,Saturday,23:30,01:00,Craig Charles,,,,,,
Rabbit Hole's Funkingham Palace,Saturday,22:30,23:30,Shaka Loves You,,,,,,
Rabbit Hole's Funkingham Palace,Saturday,21:00,22:30,,,,,,,
Rabbit Hole's Funkingham Palace,Sunday,03:00,04:00,King of Hearts,,,,,,
Rabbit Hole's Funkingham Palace,Sunday,02:00,,,,,,,,
Rabbit Hole's Funkingham Palace,Sunday,01:00,,,,,,,,
Rabbit Hole's Funkingham Palace,Sunday,00:00,,,,,,,,
Rabbit Hole's Funkingham Palace,Sunday,23:00,,,,,,,,
Rabbit Hole's Funkingham Palace,Sunday,22:00,,,,,,,,
Rabbit Hole's Funkingham Palace,Sunday,21:00,,,,,,,,
Free University of Glastonbury,Friday,13:00,,,,,,,,
Free University of Glastonbury,Friday,11:30,,,,,,,,
Free University of Glastonbury,Saturday,14:00,,,,,,,,
Free University of Glastonbury,Saturday,12:45,,,,,,,,
Free University of Glastonbury,Saturday,11:30,,,,,,,,
Free University of Glastonbury,Sunday,14:00,,,,,,,,
Free University of Glastonbury,Sunday,13:00,,,,,,,,
Free University of Glastonbury,Sunday,12:00,,,,,,,,
Glade,Thursday,00:25,02:25,Camelphat,,,,,,
Glade,Thursday,23:00,00:15,Franky Wah,,,,,,
Glade,Thursday,21:20,22:50,Sasha,,,,,,
Glade,Thursday,19:40,21:10,Marshall Jefferson,,,,,,
Glade,Thursday,18:00,19:30,System 7,,,,,,
Glade,Friday,00:40,02:55,John Digweed,,,,,,
Glade,Friday,23:00,00:30,Gong,,,,,,
Glade,Friday,21:15,22:30,Annie Mac,,,,,,
Glade,Friday,20:05,21:05,Eva Lazarus,,,,,,
Glade,Friday,18:35,19:45,Dub Pistols,,,,,,
Glade,Friday,16:35,18:05,Daddy G B2B Nick Warren,Daddy G,Nick Warren,,,,
Glade,Friday,15:35,16:20,EFÉ,,,,,,
Glade,Friday,14:00,15:15,The Utopia Strong,,,,,,
Glade,Saturday,01:50,02:55,Richard Fearless,,,,,,
Glade,Saturday,00:50,01:50,English Disco Lovers,,,,,,
Glade,Saturday,23:10,00:40,Andy C,,,,,,
Glade,Saturday,22:00,23:00,Mollie Collins,,,,,,
Glade,Saturday,20:50,21:50,Gentleman's Dub Club,,,,,,
Glade,Saturday,20:30,20:50,Don Letts,,,,,,
Glade,Saturday,19:30,20:30,Gardna & Friends,Gardna,DRS,Catching Cairo,Don Letts,Jem Cooke,
Glade,Saturday,18:30,19:30,Hollie Cook,,,,,,
Glade,Saturday,18:00,18:30,Don Letts,,,,,,
Glade,Saturday,14:00,18:00,Carl Cox & Eric Powell's Mobile Disco Ft Incognito,Carl Cox,Eric  Powell,,,,
Glade,Saturday,13:00,14:00,Tony Andrews,,,,,,
Glade,Sunday,00:10,01:30,Nia Archives,,,,,,
Glade,Sunday,22:45,00:00,Rudimental,,,,,,
Glade,Sunday,21:15,22:35,Gok Wan,,,,,,
Glade,Sunday,20:00,21:00,Cut Capers,,,,,,
Glade,Sunday,18:30,19:30,EMMANUEL JAL & NYARUACH,EMMANUEL JAL,NYARUACH,,,,
Glade,Sunday,16:30,18:00,Mad Professor Dubs Up Lee Scratch Perry,Mad Professor,Lee Scratch Perry,,,,
Glade,Sunday,15:10,16:10,MARIA CHIARA ARGIRÒ,,,,,,
Glade,Sunday,14:00,14:50,Cassetteboy vs DJ Rubbish,Cassetteboy,DJ Rubbish,,,,
Glade Dome,Thursday,01:25,02:55,Danny Howard,,,,,,
Glade Dome,Thursday,00:10,01:25,Stanton Warriors,,,,,,
Glade Dome,Thursday,23:00,00:10,Barry Ashworth,,,,,,
Glade Dome,Thursday,21:40,22:40,Riding The Low,,,,,,
Glade Dome,Thursday,20:10,21:10,The White Lamp,,,,,,
Glade Dome,Thursday,19:00,20:00,Just A Couple Of Mums,,,,,,
IICON,Thursday,00:40,03:00,Leeon,,,,,,
IICON,Thursday,00:25,00:40,IICON,,,,,,
IICON,Thursday,23:30,00:25,Herclues & Love Affair,,,,,,
IICON,Thursday,21:25,23:25,Deena Abdelwahed,,,,,,
IICON,Thursday,20:00,21:25,Adam Shelton,,,,,,
IICON,Friday,04:30,06:00,Freakenstein,,,,,,
IICON,Friday,02:30,04:30,LSDxOXO,,,,,,
IICON,Friday,01:30,02:30,Overmono,,,,,,
IICON,Friday,01:15,01:30,IICON,,,,,,
IICON,Friday,23:15,01:15,Midland,,,,,,
IICON,Friday,21:15,23:15,Sama' Abdulhadi,,,,,,
IICON,Friday,20:00,21:15,Higher Intelligence Agency,,,,,,
IICON,Saturday,04:30,06:00,Pangaea X Pariah,Pangaea,Pariah,,,,
IICON,Saturday,03:00,04:30,Joy Orbison,,,,,,
IICON,Saturday,02:20,03:00,Shygirl,,,,,,
IICON,Saturday,00:45,02:15,Floating Points,,,,,,
IICON,Saturday,00:30,00:45,IICON,,,,,,
IICON,Saturday,22:30,00:30,Djrum,,,,,,
IICON,Saturday,20:00,22:30,Tash LC,,,,,,
IICON,Sunday,03:30,05:00,Sherelle,,,,,,
IICON,Sunday,02:00,03:30,A-Future,,,,,,
IICON,Sunday,00:30,02:00,Steffi,,,,,,
IICON,Sunday,00:15,00:30,IiCON,,,,,,
IICON,Sunday,22:45,00:15,Floorplan,,,,,,
IICON,Sunday,21:15,22:45,Giant Swan,,,,,,
IICON,Sunday,20:00,21:15,Juan Ramos,,,,,,
Genosys Sound System,Thursday,01:00,03:00,Sedef Adasi,,,,,,
Genosys Sound System,Thursday,23:30,01:00,The Carry Nation,,,,,,
Genosys Sound System,Thursday,22:00,23:30,,,,,,,
Genosys Sound System,Thursday,20:00,22:00,Alinka,,,,,,
Genosys Sound System,Friday,04:00,06:00,Cinthie,,,,,,
Genosys Sound System,Friday,00:00,00:40,Moxie X Peach X Shanti Celeste X Saoirse,Moxie,Peach,Shanti Celeste,Saoirse,,
Genosys Sound System,Friday,22:00,00:00,Carlos Valdes B2B David Muallem,Carlos Valdes,David Muallem,,,,
Genosys Sound System,Friday,20:00,22:00,Hot Chip,,,,,,
Genosys Sound System,Friday,18:00,20:00,Dance System,,,,,,
Genosys Sound System,Saturday,,,,,,,,,
Genosys Sound System,Saturday,,,,,,,,,
Genosys Sound System,Saturday,,,,,,,,,
Genosys Sound System,Saturday,,,,,,,,,
Genosys Sound System,Saturday,,,,,,,,,
Genosys Sound System,Saturday,,,,,,,,,
Genosys Sound System,Saturday,,,,,,,,,
Genosys Sound System,Sunday,03:00,05:00,Felix Dickinson,,,,,,
Genosys Sound System,Sunday,,,,,,,,,
Genosys Sound System,Sunday,,,,,,,,,
Genosys Sound System,Sunday,,,,,,,,,
Genosys Sound System,Sunday,,,,,,,,,
Genosys Sound System,Sunday,,,,,,,,,
NYC Downlow,Thursday,01:30,02:55,The Carry Nation,,,,,,
NYC Downlow,Thursday,00:00,01:25,Hannah Holland,,,,,,
NYC Downlow,Thursday,21:55,23:55,Grace,,,,,,
NYC Downlow,Thursday,20:00,21:50,Artwork,,,,,,
NYC Downlow,Friday,04:20,05:55,Horse Meat Disco,,,,,,
NYC Downlow,Friday,02:50,04:15,Honey Dijon,,,,,,
NYC Downlow,Friday,01:00,02:45,Soul Summit,,,,,,
NYC Downlow,Friday,23:30,00:55,prosumer,,,,,,
NYC Downlow,Friday,22:00,23:25,Luke Somomon,,,,,,
NYC Downlow,Saturday,04:30,06:00,Justin Strauss,,,,,,
NYC Downlow,Saturday,02:30,04:25,Gideon,,,,,,
NYC Downlow,Saturday,01:00,02:25,Todd Edwards,,,,,,
NYC Downlow,Saturday,23:25,00:55,Virginia,,,,,,
NYC Downlow,Saturday,22:00,23:20,Chris Cruse,,,,,,
NYC Downlow,Sunday,03:30,04:55,Horse Meat Disco,,,,,,
NYC Downlow,Sunday,02:00,03:25,Steve Fabus,,,,,,
NYC Downlow,Sunday,01:50,02:00,RÓISÍN MURPHY,,,,,,
NYC Downlow,Sunday,00:30,01:50,DJ Paulette,,,,,,
NYC Downlow,Sunday,23:15,00:25,GABRIELLE KWARTENG,,,,,,
NYC Downlow,Sunday,22:00,23:10,Shay Malt,,,,,,
The Meat Rack,Thursday,,,,,,,,,
The Meat Rack,Thursday,,,,,,,,,
The Meat Rack,Thursday,,,,,,,,,
The Meat Rack,Thursday,,,,,,,,,
The Meat Rack,Friday,,,,,,,,,
The Meat Rack,Friday,,,,,,,,,
The Meat Rack,Friday,,,,,,,,,
The Meat Rack,Friday,,,,,,,,,
The Meat Rack,Friday,,,,,,,,,
The Meat Rack,Saturday,,,,,,,,,
The Meat Rack,Saturday,,,,,,,,,
The Meat Rack,Saturday,,,,,,,,,
The Meat Rack,Saturday,,,,,,,,,
The Meat Rack,Saturday,,,,,,,,,
The Meat Rack,Sunday,,,,,,,,,
The Meat Rack,Sunday,,,,,,,,,
The Meat Rack,Sunday,,,,,,,,,
The Meat Rack,Sunday,23:30,01:00,Ninebob,,,,,,
The Meat Rack,Sunday,22:00,23:30,Damo,,,,,,
The Temple,Thursday,01:00,03:00,Kleu B2B Phibes,Kleu,Phibes,,,,
The Temple,Thursday,23:00,01:00,Uncommon Records,,,,,,
The Temple,Thursday,21:00,23:00,Born on Road,Aries,Kelvin 373,Stivs,Selecta J-Man,Gold Dubs,
The Temple,Thursday,20:00,21:00,Ed Solo & Deekline,Ed Solo,Deekline,,,,
The Temple,Friday,04:30,06:00,My Nu Leng B2B Wonka,My Nu Leng,Wonka,,,,
The Temple,Friday,03:00,04:30,Fjaak,,,,,,
The Temple,Friday,01:30,03:00,Nastia B2B VTSS,Nastia,VTSS,,,,
The Temple,Friday,00:15,01:30,Blawan B2B LCY,Blawan,LCY,,,,
The Temple,Friday,23:15,00:15,Imogen,,,,,,
The Temple,Friday,22:00,23:15,Elli Acula B2B Estella Boersma,Elli Acula,Estella Boersma,,,,
The Temple,Saturday,05:00,06:00,S.P.Y,S.P.Y,Lowqui,,,,
The Temple,Saturday,04:00,05:00,Bou,Bou,Haribo,,,,
The Temple,Saturday,02:30,04:00,Kings of the Rollers,Kings of the Rollers,Serum,Voltage,Bladerunner,Inja,
The Temple,Saturday,01:30,02:30,A.M.C,A.M.C,Phanton,,,,
The Temple,Saturday,00:30,01:30,T>I,T>I,Carasel,,,,
The Temple,Saturday,23:00,00:30,Skeptical,,,,,,
The Temple,Saturday,22:00,23:00,Capitol 1212,,,,,,
The Temple,Sunday,03:30,05:00,Batu,,,,,,
The Temple,Sunday,02:00,03:30,Cobrah,,,,,,
The Temple,Sunday,00:45,02:00,Rudimental,,,,,,
The Temple,Sunday,23:15,00:45,Prospa,,,,,,
The Temple,Sunday,22:00,23:15,Chloe Caillet,,,,,,
Totem,Thursday,02:00,03:00,Jess Warp,,,,,,
Totem,Thursday,01:00,02:00,Para,,,,,,
Totem,Thursday,00:00,01:00,Murf,,,,,,
Totem,Thursday,23:00,00:00,Miss Monument,,,,,,
Totem,Thursday,22:00,23:00,Emily Dust,,,,,,
Totem,Thursday,21:00,22:00,Jimena Angel,,,,,,
Totem,Thursday,20:00,21:00,Bad Girlz,,,,,,
Totem,Friday,04:30,06:00,DJ Flight,DJ Flight,Chickaboo,,,,
Totem,Friday,03:00,04:30,N4 Records,Pete Cannon,Jay Cunning,Jives,,,
Totem,Friday,02:00,03:00,Tim Reaper,,,,,,
Totem,Friday,00:30,02:00,Mantra B2B Double O FT Blackeye,Mantra,Double O,Blackeye,,,
Totem,Friday,23:00,00:30,Fixate,,,,,,
Totem,Friday,22:00,23:00,Syn B2B Adam Crawford,Syn,Adam Crawford,,,,
Totem,Saturday,04:30,06:00,Club Glow,L-Major,Borai,Manifesto,,,
Totem,Saturday,03:00,04:30,Emerald,,,,,,
Totem,Saturday,02:00,03:00,Yung Sing,,,,,,
Totem,Saturday,00:30,02:00,Breaka B2B Frazer Ray,Breaka,Frazer Ray,,,,
Totem,Saturday,23:00,00:30,Pineapple Records,Sam Binga,Bakey,Foreign Concepts,,,
Totem,Saturday,22:00,23:00,Jinx In Dub,,,,,,
Totem,Sunday,04:00,05:00,Dope Ammo & Benny Page,Dope Ammo,Benny Page,,,,
Totem,Sunday,03:00,04:00,Micky Finn,Micky Finn,Carasel,,,,
Totem,Sunday,02:00,03:00,BLOC 2 BLOC,Banner,Kaz,,,,
Totem,Sunday,01:00,02:00,Katalyst,,,,,,
Totem,Sunday,00:00,01:00,Jake Savona,,,,,,
Totem,Sunday,23:00,00:00,,,,,,,
Totem,Sunday,22:00,23:00,Reggae Roast,,,,,,
Totem Talks,Friday,,,,,,,,,
Totem Talks,Friday,,,,,,,,,
Totem Talks,Friday,,,,,,,,,
Totem Talks,Friday,,,,,,,,,
Totem Talks,Saturday,,,,,,,,,
Totem Talks,Saturday,,,,,,,,,
Totem Talks,Saturday,,,,,,,,,
Totem Talks,Saturday,,,,,,,,,
The Rum Shack,Thursday,02:00,03:00,Tash LC,,,,,,
The Rum Shack,Thursday,01:00,02:00,Ellie Prohan,,,,,,
The Rum Shack,Thursday,00:00,01:00,The Last Skeptik,,,,,,
The Rum Shack,Thursday,23:00,00:00,Steam Down,,,,,,
The Rum Shack,Thursday,21:30,22:15,Enny,,,,,,
The Rum Shack,Thursday,20:15,21:00,Hak Baker,,,,,,
The Rum Shack,Thursday,20:00,20:15,Lyrix Organix,,,,,,
The Rum Shack,Friday,05:00,06:00,Aum,,,,,,
The Rum Shack,Friday,04:00,05:00,Sam Binga,,,,,,
The Rum Shack,Friday,03:00,04:00,Goldie,,,,,,
The Rum Shack,Friday,02:30,03:00,Pav4n,,,,,,
The Rum Shack,Friday,01:30,02:30,Emily Dust,,,,,,
The Rum Shack,Friday,00:45,01:30,Lazy Habits,,,,,,
The Rum Shack,Friday,00:00,00:30,Jelani Blackman,,,,,,
The Rum Shack,Friday,23:00,00:00,Jinx In Dub,,,,,,
The Rum Shack,Saturday,05:00,06:00,Village Cuts,,,,,,
The Rum Shack,Saturday,04:00,05:00,Supa Soca Show,,,,,,
The Rum Shack,Saturday,03:00,04:00,Bush BBY,,,,,,
The Rum Shack,Saturday,,,Dizraeli,,,,,,
The Rum Shack,Saturday,,,Eva Lazarus,,,,,,
The Rum Shack,Saturday,,,Grove,,,,,,
The Rum Shack,Saturday,,,The Beatbox Collective,,,,,,
The Rum Shack,Sunday,,,,,,,,,
The Rum Shack,Sunday,03:00,04:00,MPH,,,,,,
The Rum Shack,Sunday,,,,,,,,,
The Rum Shack,Sunday,,,Joy Anonymous,,,,,,
The Rum Shack,Sunday,,,Para,,,,,,
The Rum Shack,Sunday,,,Jam Scones,,,,,,
The Rum Shack,Sunday,,,Rum Shack Wild Card,,,,,,
Gas Tower,Thursday,02:00,03:00,Mandidextrous,,,,,,
Gas Tower,Thursday,00:00,02:00,Crucast,Skepsis,Darkzy,Window Kid,Kanine,,
Gas Tower,Thursday,23:00,00:00,Potter Payper,,,,,,
Gas Tower,Thursday,21:30,23:00,Shosh,,,,,,
Gas Tower,Thursday,16:00,21:30,Sportsbanger,,,,,,
Gas Tower,Friday,05:00,06:00,Ed Real,,,,,,
Gas Tower,Friday,04:00,05:00,Bou & Turno,Bou,Turno,Inja,Haribo,,
Gas Tower,Friday,03:00,04:00,Shy FX,,,,,,
Gas Tower,Friday,01:00,03:00,Bonobo & Absolute,Bonobo,Absolute,,,,
Gas Tower,Friday,00:15,01:00,Grove,,,,,,
Gas Tower,Friday,23:00,00:15,TSHA,,,,,,
Gas Tower,Friday,22:00,23:00,Bitvert,,,,,,
Gas Tower,Friday,20:00,21:00,Goldie,Goldie,Medic,,,,
Gas Tower,Friday,19:00,20:00,The Sauce,The Sauce,Carasel,,,,
Gas Tower,Friday,18:00,19:00,Watch The Ride,,,,,,
Gas Tower,Friday,17:00,18:00,Charli Brix,Charli Brix,Bassi,,,,
Gas Tower,Friday,16:00,17:00,,,,,,,
Gas Tower,Saturday,04:00,06:00,Solomun,,,,,,
Gas Tower,Saturday,02:30,04:00,Jamie Jones,,,,,,
Gas Tower,Saturday,01:15,02:30,Fatboy Slim,,,,,,
Gas Tower,Saturday,00:00,01:15,Folamour,,,,,,
Gas Tower,Saturday,23:30,00:00,Bitvert,,,,,,
Gas Tower,Saturday,22:00,23:30,,,,,,,
Gas Tower,Saturday,21:00,22:00,Parallel Action,,,,,,
Gas Tower,Saturday,20:00,21:00,DJ Cheeba,,,,,,
Gas Tower,Saturday,18:30,20:00,The Light Surgeons,,,,,,
Gas Tower,Sunday,04:00,05:00,Arlo B2B A For Alpha,Arlo,A For Alpha,,,,
Gas Tower,Sunday,02:00,04:00,Partiboi69,,,,,,
Gas Tower,Sunday,01:00,02:00,Saoirse,,,,,,
Gas Tower,Sunday,23:30,01:00,Maribou State,,,,,,
